,date,benchmark,bench_return
0,2015-01-02,S&P 500,-0.00020178732
1,2015-01-05,S&P 500,-0.01821490192
2,2015-01-06,S&P 500,-0.0088906726
3,2015-01-07,S&P 500,0.01194496998
4,2015-01-08,S&P 500,0.017909368590000002
5,2015-01-09,S&P 500,-0.00840112722
6,2015-01-12,S&P 500,-0.008091743680000001
7,2015-01-13,S&P 500,-0.0024777510199999997
8,2015-01-14,S&P 500,-0.005782183829999999
9,2015-01-15,S&P 500,-0.00922351744
10,2015-01-16,S&P 500,0.01343605679
11,2015-01-20,S&P 500,0.0015828466300000007
12,2015-01-21,S&P 500,0.004851780720000001
13,2015-01-22,S&P 500,0.01527677872
14,2015-01-23,S&P 500,-0.00548859914
15,2015-01-26,S&P 500,0.00257699546
16,2015-01-27,S&P 500,-0.01338739331
17,2015-01-28,S&P 500,-0.013412945919999999
18,2015-01-29,S&P 500,0.009606679190000002
19,2015-01-30,S&P 500,-0.012975505770000001
20,2015-02-02,S&P 500,0.01298693759
21,2015-02-03,S&P 500,0.01446302524
22,2015-02-04,S&P 500,-0.0038582221
23,2015-02-05,S&P 500,0.010492824570000002
24,2015-02-06,S&P 500,-0.0031507649800000003
25,2015-02-09,S&P 500,-0.00419979376
26,2015-02-10,S&P 500,0.010723110870000002
27,2015-02-11,S&P 500,0.00031624281
28,2015-02-12,S&P 500,0.00988820147
29,2015-02-13,S&P 500,0.004156124210000001
30,2015-02-17,S&P 500,0.00175497517
31,2015-02-18,S&P 500,-0.00027108877
32,2015-02-19,S&P 500,-0.00090027854
33,2015-02-20,S&P 500,0.00625077676
34,2015-02-23,S&P 500,-0.00029482593999999995
35,2015-02-24,S&P 500,0.0027918508500000003
36,2015-02-25,S&P 500,-0.0005996613
37,2015-02-26,S&P 500,-0.0013116977300000002
38,2015-02-27,S&P 500,-0.00294881801
39,2015-03-02,S&P 500,0.0061835276100000005
40,2015-03-03,S&P 500,-0.00452667273
41,2015-03-04,S&P 500,-0.004185352979999999
42,2015-03-05,S&P 500,0.00124105009
43,2015-03-06,S&P 500,-0.01404974502
44,2015-03-09,S&P 500,0.00403933195
45,2015-03-10,S&P 500,-0.01689705117
46,2015-03-11,S&P 500,-0.00176368405
47,2015-03-12,S&P 500,0.012856733040000002
48,2015-03-13,S&P 500,-0.006052466679999999
49,2015-03-16,S&P 500,0.01355212888
50,2015-03-17,S&P 500,-0.00331891023
51,2015-03-18,S&P 500,0.01218293664
52,2015-03-19,S&P 500,-0.00486009903
53,2015-03-20,S&P 500,0.00901293615
54,2015-03-23,S&P 500,-0.0017443237899999998
55,2015-03-24,S&P 500,-0.0060556153
56,2015-03-25,S&P 500,-0.014538054750000001
57,2015-03-26,S&P 500,-0.0023511840700000002
58,2015-03-27,S&P 500,0.002561215
59,2015-03-30,S&P 500,0.01232995426
60,2015-03-31,S&P 500,-0.008696122220000001
61,2015-04-01,S&P 500,-0.00384035336
62,2015-04-02,S&P 500,0.003557962350000001
63,2015-04-06,S&P 500,0.00661527247
64,2015-04-07,S&P 500,-0.0020435112600000003
65,2015-04-08,S&P 500,0.0030656570299999997
66,2015-04-09,S&P 500,0.00445911915
67,2015-04-10,S&P 500,0.0052000164
68,2015-04-13,S&P 500,-0.0044908529999999995
69,2015-04-14,S&P 500,0.0016326181299999999
70,2015-04-15,S&P 500,0.00514916487
71,2015-04-16,S&P 500,-0.00075417019
72,2015-04-17,S&P 500,-0.011310306200000002
73,2015-04-20,S&P 500,0.00925959787
74,2015-04-21,S&P 500,-0.00146422451
75,2015-04-22,S&P 500,0.00512073063
76,2015-04-23,S&P 500,0.00245432085
77,2015-04-24,S&P 500,0.00225730507
78,2015-04-27,S&P 500,-0.004138815979999999
79,2015-04-28,S&P 500,0.00286148425
80,2015-04-29,S&P 500,-0.0036743323200000007
81,2015-04-30,S&P 500,-0.01008124673
82,2015-05-01,S&P 500,0.01092485139
83,2015-05-04,S&P 500,0.0029389633299999997
84,2015-05-05,S&P 500,-0.011744675740000002
85,2015-05-06,S&P 500,-0.004083238770000001
86,2015-05-07,S&P 500,0.00402517885
87,2015-05-08,S&P 500,0.013478354419999998
88,2015-05-11,S&P 500,-0.0048897700500000005
89,2015-05-12,S&P 500,-0.00289611082
90,2015-05-13,S&P 500,-8.549428000000001e-05
91,2015-05-14,S&P 500,0.01089239792
92,2015-05-15,S&P 500,0.0008888721199999998
93,2015-05-18,S&P 500,0.00310435755
94,2015-05-19,S&P 500,-0.00044330570999999994
95,2015-05-20,S&P 500,-0.00082257478
96,2015-05-21,S&P 500,0.00247691671
97,2015-05-22,S&P 500,-0.0022208907399999997
98,2015-05-26,S&P 500,-0.0102663837
99,2015-05-27,S&P 500,0.00932844782
100,2015-05-28,S&P 500,-0.00109344531
101,2015-05-29,S&P 500,-0.00629258467
102,2015-06-01,S&P 500,0.0021605709699999997
103,2015-06-02,S&P 500,-0.00095799512
104,2015-06-03,S&P 500,0.0023057280899999996
105,2015-06-04,S&P 500,-0.008604222840000002
106,2015-06-05,S&P 500,-0.00139688363
107,2015-06-08,S&P 500,-0.006305932520000001
108,2015-06-09,S&P 500,0.00044429322999999996
109,2015-06-10,S&P 500,0.012110020050000002
110,2015-06-11,S&P 500,0.00202840117
111,2015-06-12,S&P 500,-0.006933102240000001
112,2015-06-15,S&P 500,-0.00460277207
113,2015-06-16,S&P 500,0.0057064436
114,2015-06-17,S&P 500,0.0020005980600000003
115,2015-06-18,S&P 500,0.01003001956
116,2015-06-19,S&P 500,-0.005302161749999999
117,2015-06-22,S&P 500,0.00609411511
118,2015-06-23,S&P 500,0.0007193606299999999
119,2015-06-24,S&P 500,-0.0073218585099999985
120,2015-06-25,S&P 500,-0.0029338448300000003
121,2015-06-26,S&P 500,-0.00021286552000000003
122,2015-06-29,S&P 500,-0.02076705283
123,2015-06-30,S&P 500,0.00271922323
124,2015-07-01,S&P 500,0.0071813313
125,2015-07-02,S&P 500,-0.00031223349
126,2015-07-06,S&P 500,-0.00382855248
127,2015-07-07,S&P 500,0.0060915108600000005
128,2015-07-08,S&P 500,-0.0163582702
129,2015-07-09,S&P 500,0.0022685156
130,2015-07-10,S&P 500,0.01233698338
131,2015-07-13,S&P 500,0.01115685338
132,2015-07-14,S&P 500,0.00446068998
133,2015-07-15,S&P 500,-0.0007199777
134,2015-07-16,S&P 500,0.00803922203
135,2015-07-17,S&P 500,0.00110977711
136,2015-07-20,S&P 500,0.0007952997099999999
137,2015-07-21,S&P 500,-0.00422514056
138,2015-07-22,S&P 500,-0.0022832802300000003
139,2015-07-23,S&P 500,-0.00561125336
140,2015-07-24,S&P 500,-0.01069865288
141,2015-07-27,S&P 500,-0.00577179682
142,2015-07-28,S&P 500,0.012392672
143,2015-07-29,S&P 500,0.007441917629999999
144,2015-07-30,S&P 500,0.00010992087
145,2015-07-31,S&P 500,-0.00226286394
146,2015-08-03,S&P 500,-0.00275438133
147,2015-08-04,S&P 500,-0.00222103296
148,2015-08-05,S&P 500,0.00349524064
149,2015-08-06,S&P 500,-0.007473246550000001
150,2015-08-07,S&P 500,-0.0028388112900000003
151,2015-08-10,S&P 500,0.012833021699999999
152,2015-08-11,S&P 500,-0.00937336129
153,2015-08-12,S&P 500,0.0011801015
154,2015-08-13,S&P 500,-0.0011226433400000002
155,2015-08-14,S&P 500,0.003917124629999999
156,2015-08-17,S&P 500,0.00539932439
157,2015-08-18,S&P 500,-0.00243721609
158,2015-08-19,S&P 500,-0.008189921740000002
159,2015-08-20,S&P 500,-0.021097235640000003
160,2015-08-21,S&P 500,-0.03169440049
161,2015-08-24,S&P 500,-0.039386090410000005
162,2015-08-25,S&P 500,-0.01351121753
163,2015-08-26,S&P 500,0.039115726600000005
164,2015-08-27,S&P 500,0.02440290496
165,2015-08-28,S&P 500,0.0007324231699999999
166,2015-08-31,S&P 500,-0.00827547805
167,2015-09-01,S&P 500,-0.02952841718
168,2015-09-02,S&P 500,0.01846401071
169,2015-09-03,S&P 500,0.0012179048
170,2015-09-04,S&P 500,-0.015249772880000003
171,2015-09-08,S&P 500,0.025203211119999996
172,2015-09-09,S&P 500,-0.013813091719999998
173,2015-09-10,S&P 500,0.00536185512
174,2015-09-11,S&P 500,0.0047977954
175,2015-09-14,S&P 500,-0.00402681831
176,2015-09-15,S&P 500,0.012844832530000001
177,2015-09-16,S&P 500,0.00874532483
178,2015-09-17,S&P 500,-0.00239536084
179,2015-09-18,S&P 500,-0.01615644925
180,2015-09-21,S&P 500,0.00457578779
181,2015-09-22,S&P 500,-0.01229128097
182,2015-09-23,S&P 500,-0.00199922074
183,2015-09-24,S&P 500,-0.00336200195
184,2015-09-25,S&P 500,-0.00046246182
185,2015-09-28,S&P 500,-0.0253769818
186,2015-09-29,S&P 500,0.00128953867
187,2015-09-30,S&P 500,0.01913898883
188,2015-10-01,S&P 500,0.00204475193
189,2015-10-02,S&P 500,0.01441436821
190,2015-10-05,S&P 500,0.01834313111
191,2015-10-06,S&P 500,-0.00359155068
192,2015-10-07,S&P 500,0.00842580833
193,2015-10-08,S&P 500,0.008823250940000001
194,2015-10-09,S&P 500,0.00075664734
195,2015-10-12,S&P 500,0.0012723152199999998
196,2015-10-13,S&P 500,-0.00672709517
197,2015-10-14,S&P 500,-0.0046584218
198,2015-10-15,S&P 500,0.014906299469999999
199,2015-10-16,S&P 500,0.00456978486
200,2015-10-19,S&P 500,0.00028694659
201,2015-10-20,S&P 500,-0.00139722538
202,2015-10-21,S&P 500,-0.00569589122
203,2015-10-22,S&P 500,0.016653506619999998
204,2015-10-23,S&P 500,0.01103608784
205,2015-10-26,S&P 500,-0.00190563164
206,2015-10-27,S&P 500,-0.00255372689
207,2015-10-28,S&P 500,0.01193679104
208,2015-10-29,S&P 500,-0.00033774703999999995
209,2015-10-30,S&P 500,-0.00480881059
210,2015-11-02,S&P 500,0.01187531263
211,2015-11-03,S&P 500,0.0027439229100000005
212,2015-11-04,S&P 500,-0.00319012308
213,2015-11-05,S&P 500,-0.00092645189
214,2015-11-06,S&P 500,-0.00023278325
215,2015-11-09,S&P 500,-0.009616784609999998
216,2015-11-10,S&P 500,0.00176967095
217,2015-11-11,S&P 500,-0.0032252313699999997
218,2015-11-12,S&P 500,-0.013811388580000002
219,2015-11-13,S&P 500,-0.01119687698
220,2015-11-16,S&P 500,0.01507884345
221,2015-11-17,S&P 500,-0.00112741427
222,2015-11-18,S&P 500,0.016245150219999997
223,2015-11-19,S&P 500,-0.00108136037
224,2015-11-20,S&P 500,0.00396475538
225,2015-11-23,S&P 500,-0.00119338886
226,2015-11-24,S&P 500,0.0012495444
227,2015-11-25,S&P 500,-2.3523600000000003e-05
228,2015-11-27,S&P 500,0.00081296075
229,2015-11-30,S&P 500,-0.00458884715
230,2015-12-01,S&P 500,0.01076152949
231,2015-12-02,S&P 500,-0.01076413458
232,2015-12-03,S&P 500,-0.01433275614
233,2015-12-04,S&P 500,0.0205336516
234,2015-12-07,S&P 500,-0.006915641590000001
235,2015-12-08,S&P 500,-0.006402069529999999
236,2015-12-09,S&P 500,-0.007674559540000001
237,2015-12-10,S&P 500,0.00236151408
238,2015-12-11,S&P 500,-0.01926542162
239,2015-12-14,S&P 500,0.004822660560000001
240,2015-12-15,S&P 500,0.010627043409999998
241,2015-12-16,S&P 500,0.0146066442
242,2015-12-17,S&P 500,-0.01488713
243,2015-12-18,S&P 500,-0.017796358069999997
244,2015-12-21,S&P 500,0.007897335529999999
245,2015-12-22,S&P 500,0.0089199598
246,2015-12-23,S&P 500,0.01249820492
247,2015-12-24,S&P 500,-0.00159665539
248,2015-12-28,S&P 500,-0.00217499984
249,2015-12-29,S&P 500,0.01082664614
250,2015-12-30,S&P 500,-0.00711698422
251,2015-12-31,S&P 500,-0.00940818536
252,2016-01-04,S&P 500,-0.015076546809999999
253,2016-01-05,S&P 500,0.0020147747600000004
254,2016-01-06,S&P 500,-0.012761583929999999
255,2016-01-07,S&P 500,-0.0236733175
256,2016-01-08,S&P 500,-0.010834627490000002
257,2016-01-11,S&P 500,0.0008532773099999999
258,2016-01-12,S&P 500,0.007804881590000001
259,2016-01-13,S&P 500,-0.024853275240000004
260,2016-01-14,S&P 500,0.01671226847
261,2016-01-15,S&P 500,-0.02155627017
262,2016-01-19,S&P 500,0.00053735956
263,2016-01-20,S&P 500,-0.01154750236
264,2016-01-21,S&P 500,0.00522619067
265,2016-01-22,S&P 500,0.02028787395
266,2016-01-25,S&P 500,-0.01563320676
267,2016-01-26,S&P 500,0.014146401930000004
268,2016-01-27,S&P 500,-0.01079868608
269,2016-01-28,S&P 500,0.005618057290000001
270,2016-01-29,S&P 500,0.02478058791
271,2016-02-01,S&P 500,-0.00041286862
272,2016-02-02,S&P 500,-0.01871433108
273,2016-02-03,S&P 500,0.0053363679599999995
274,2016-02-04,S&P 500,0.0017263254300000001
275,2016-02-05,S&P 500,-0.01842778966
276,2016-02-08,S&P 500,-0.014062373819999998
277,2016-02-09,S&P 500,-0.00045270503
278,2016-02-10,S&P 500,0.00015410401000000003
279,2016-02-11,S&P 500,-0.01211551321
280,2016-02-12,S&P 500,0.01962655766
281,2016-02-16,S&P 500,0.0168504949
282,2016-02-17,S&P 500,0.01658526607
283,2016-02-18,S&P 500,-0.0046131702500000005
284,2016-02-19,S&P 500,0.00011854718999999999
285,2016-02-22,S&P 500,0.01445391013
286,2016-02-23,S&P 500,-0.01239373306
287,2016-02-24,S&P 500,0.004491252070000001
288,2016-02-25,S&P 500,0.01158991206
289,2016-02-26,S&P 500,-0.0017535985899999995
290,2016-02-29,S&P 500,-0.00802906246
291,2016-03-01,S&P 500,0.02388638917
292,2016-03-02,S&P 500,0.00428023914
293,2016-03-03,S&P 500,0.00360110311
294,2016-03-04,S&P 500,0.00332688023
295,2016-03-07,S&P 500,0.00095196115
296,2016-03-08,S&P 500,-0.01105480912
297,2016-03-09,S&P 500,0.00522567008
298,2016-03-10,S&P 500,0.00021849877999999997
299,2016-03-11,S&P 500,0.01667756501
300,2016-03-14,S&P 500,-0.0011960226600000001
301,2016-03-15,S&P 500,-0.00181978186
302,2016-03-16,S&P 500,0.005666591800000001
303,2016-03-17,S&P 500,0.00660699342
304,2016-03-18,S&P 500,0.00440344144
305,2016-03-21,S&P 500,0.00099123103
306,2016-03-22,S&P 500,-0.0007241465199999999
307,2016-03-23,S&P 500,-0.006383835010000001
308,2016-03-24,S&P 500,-0.00037732718999999995
309,2016-03-28,S&P 500,0.0005543864
310,2016-03-29,S&P 500,0.00902198006
311,2016-03-30,S&P 500,0.00445416435
312,2016-03-31,S&P 500,-0.00203619017
313,2016-04-01,S&P 500,0.006338603149999999
314,2016-04-04,S&P 500,-0.0029912270000000004
315,2016-04-05,S&P 500,-0.01014342373
316,2016-04-06,S&P 500,0.01087366695
317,2016-04-07,S&P 500,-0.011941012800000001
318,2016-04-08,S&P 500,0.0027963878499999996
319,2016-04-11,S&P 500,-0.00274032799
320,2016-04-12,S&P 500,0.00969478804
321,2016-04-13,S&P 500,0.01019162474
322,2016-04-14,S&P 500,0.00027400099999999995
323,2016-04-15,S&P 500,-0.0009843205599999998
324,2016-04-18,S&P 500,0.00655929282
325,2016-04-19,S&P 500,0.00308374055
326,2016-04-20,S&P 500,0.0008182555900000001
327,2016-04-21,S&P 500,-0.00516630842
328,2016-04-22,S&P 500,5.08523e-05
329,2016-04-25,S&P 500,-0.00180954421
330,2016-04-26,S&P 500,0.00186995158
331,2016-04-27,S&P 500,0.00172558741
332,2016-04-28,S&P 500,-0.00916312317
333,2016-04-29,S&P 500,-0.005055095389999999
334,2016-05-02,S&P 500,0.00781876848
335,2016-05-03,S&P 500,-0.008650964609999999
336,2016-05-04,S&P 500,-0.005723181389999999
337,2016-05-05,S&P 500,1.64532e-06
338,2016-05-06,S&P 500,0.00330920532
339,2016-05-09,S&P 500,0.0007631407000000001
340,2016-05-10,S&P 500,0.012502145790000002
341,2016-05-11,S&P 500,-0.0090397776
342,2016-05-12,S&P 500,-7.249425999999999e-05
343,2016-05-13,S&P 500,-0.00839874089
344,2016-05-16,S&P 500,0.00989735978
345,2016-05-17,S&P 500,-0.00910449857
346,2016-05-18,S&P 500,0.00035445887000000003
347,2016-05-19,S&P 500,-0.00369624437
348,2016-05-20,S&P 500,0.006178867629999999
349,2016-05-23,S&P 500,-0.0020493571
350,2016-05-24,S&P 500,0.013704602400000002
351,2016-05-25,S&P 500,0.0070359318500000005
352,2016-05-26,S&P 500,-6.972496e-05
353,2016-05-27,S&P 500,0.00446622707
354,2016-05-31,S&P 500,-0.00093777179
355,2016-06-01,S&P 500,0.0013007724699999998
356,2016-06-02,S&P 500,0.0029423049100000005
357,2016-06-03,S&P 500,-0.00289983907
358,2016-06-06,S&P 500,0.00492246046
359,2016-06-07,S&P 500,0.0013107804399999999
360,2016-06-08,S&P 500,0.0035153673
361,2016-06-09,S&P 500,-0.00167452728
362,2016-06-10,S&P 500,-0.00916092678
363,2016-06-13,S&P 500,-0.00781900828
364,2016-06-14,S&P 500,-0.0017307866600000002
365,2016-06-15,S&P 500,-0.00176119175
366,2016-06-16,S&P 500,0.0032976283100000004
367,2016-06-17,S&P 500,-0.0032548106700000003
368,2016-06-20,S&P 500,0.00581552045
369,2016-06-21,S&P 500,0.0028009404600000004
370,2016-06-22,S&P 500,-0.00164247043
371,2016-06-23,S&P 500,0.01337714032
372,2016-06-24,S&P 500,-0.03592237335
373,2016-06-27,S&P 500,-0.01809651363
374,2016-06-28,S&P 500,0.01799256833
375,2016-06-29,S&P 500,0.01716148322
376,2016-06-30,S&P 500,0.013564157750000002
377,2016-07-01,S&P 500,0.00213506517
378,2016-07-05,S&P 500,-0.00677933907
379,2016-07-06,S&P 500,0.005707934
380,2016-07-07,S&P 500,-0.0007731038400000001
381,2016-07-08,S&P 500,0.015256717740000003
382,2016-07-11,S&P 500,0.00340943093
383,2016-07-12,S&P 500,0.007014820209999999
384,2016-07-13,S&P 500,0.00022641154999999998
385,2016-07-14,S&P 500,0.005281151899999999
386,2016-07-15,S&P 500,-0.00092718855
387,2016-07-18,S&P 500,0.00242251866
388,2016-07-19,S&P 500,-0.00141066272
389,2016-07-20,S&P 500,0.0043950967
390,2016-07-21,S&P 500,-0.00359554817
391,2016-07-22,S&P 500,0.00455889058
392,2016-07-25,S&P 500,-0.00300595883
393,2016-07-26,S&P 500,0.00035216322
394,2016-07-27,S&P 500,-0.0011605331699999998
395,2016-07-28,S&P 500,0.00169198166
396,2016-07-29,S&P 500,0.0016456784900000002
397,2016-08-01,S&P 500,-0.00126984713
398,2016-08-02,S&P 500,-0.0063355878299999994
399,2016-08-03,S&P 500,0.00344148569
400,2016-08-04,S&P 500,0.00046473782999999994
401,2016-08-05,S&P 500,0.008624031209999999
402,2016-08-08,S&P 500,-0.0008146155400000001
403,2016-08-09,S&P 500,0.00042861758
404,2016-08-10,S&P 500,-0.00249421739
405,2016-08-11,S&P 500,0.00486783188
406,2016-08-12,S&P 500,-0.00074524896
407,2016-08-15,S&P 500,0.00291284887
408,2016-08-16,S&P 500,-0.00530229445
409,2016-08-17,S&P 500,0.0021169463
410,2016-08-18,S&P 500,0.00222716957
411,2016-08-19,S&P 500,-0.00130418131
412,2016-08-22,S&P 500,-0.00054470907
413,2016-08-23,S&P 500,0.00197926115
414,2016-08-24,S&P 500,-0.0051862633100000005
415,2016-08-25,S&P 500,-0.00134860661
416,2016-08-26,S&P 500,-0.0015554185999999998
417,2016-08-29,S&P 500,0.0053639506099999994
418,2016-08-30,S&P 500,-0.0017914041
419,2016-08-31,S&P 500,-0.00219186882
420,2016-09-01,S&P 500,-2.723496e-05
421,2016-09-02,S&P 500,0.004253484829999999
422,2016-09-06,S&P 500,0.0030001079100000004
423,2016-09-07,S&P 500,9.478842e-05
424,2016-09-08,S&P 500,-0.00218007844
425,2016-09-09,S&P 500,-0.02450889625
426,2016-09-12,S&P 500,0.01473293917
427,2016-09-13,S&P 500,-0.01452635097
428,2016-09-14,S&P 500,-0.00051893777
429,2016-09-15,S&P 500,0.01027553438
430,2016-09-16,S&P 500,-0.00376191922
431,2016-09-19,S&P 500,-8.95253e-06
432,2016-09-20,S&P 500,0.0003115617
433,2016-09-21,S&P 500,0.01092756136
434,2016-09-22,S&P 500,0.006518325460000001
435,2016-09-23,S&P 500,-0.005735597729999999
436,2016-09-26,S&P 500,-0.00850502551
437,2016-09-27,S&P 500,0.0064911076199999996
438,2016-09-28,S&P 500,0.0055191964500000005
439,2016-09-29,S&P 500,-0.00929622147
440,2016-09-30,S&P 500,0.00797318477
441,2016-10-03,S&P 500,-0.00313778966
442,2016-10-04,S&P 500,-0.00486032735
443,2016-10-05,S&P 500,0.00470396306
444,2016-10-06,S&P 500,0.00050960356
445,2016-10-07,S&P 500,-0.00322189279
446,2016-10-10,S&P 500,0.004606561029999999
447,2016-10-11,S&P 500,-0.01244158239
448,2016-10-12,S&P 500,0.00122926262
449,2016-10-13,S&P 500,-0.00306294291
450,2016-10-14,S&P 500,0.0002028714
451,2016-10-17,S&P 500,-0.0030088801600000005
452,2016-10-18,S&P 500,0.00616069809
453,2016-10-19,S&P 500,0.00233570067
454,2016-10-20,S&P 500,-0.00130345602
455,2016-10-21,S&P 500,-8.031111999999999e-05
456,2016-10-24,S&P 500,0.004755692210000001
457,2016-10-25,S&P 500,-0.0037675347
458,2016-10-26,S&P 500,-0.0017281100399999998
459,2016-10-27,S&P 500,-0.00294990279
460,2016-10-28,S&P 500,-0.00305186902
461,2016-10-31,S&P 500,-0.00011618551
462,2016-11-01,S&P 500,-0.0067764338199999994
463,2016-11-02,S&P 500,-0.00639796868
464,2016-11-03,S&P 500,-0.00405807173
465,2016-11-04,S&P 500,-0.00164396438
466,2016-11-07,S&P 500,0.02223662739
467,2016-11-08,S&P 500,0.00426350308
468,2016-11-09,S&P 500,0.01114435757
469,2016-11-10,S&P 500,0.0020459933
470,2016-11-11,S&P 500,-0.0013967290000000002
471,2016-11-14,S&P 500,2.995421e-05
472,2016-11-15,S&P 500,0.0077137918799999984
473,2016-11-16,S&P 500,-0.00130241558
474,2016-11-17,S&P 500,0.0047355693
475,2016-11-18,S&P 500,-0.00222726643
476,2016-11-21,S&P 500,0.00747609463
477,2016-11-22,S&P 500,0.00220978167
478,2016-11-23,S&P 500,0.0008437481199999999
479,2016-11-25,S&P 500,0.0039323974700000005
480,2016-11-28,S&P 500,-0.005126007849999999
481,2016-11-29,S&P 500,0.0015712625599999998
482,2016-11-30,S&P 500,-0.00243821014
483,2016-12-01,S&P 500,-0.0034755351500000004
484,2016-12-02,S&P 500,0.00039738814
485,2016-12-05,S&P 500,0.00591847888
486,2016-12-06,S&P 500,0.0034391281
487,2016-12-07,S&P 500,0.01335894629
488,2016-12-08,S&P 500,0.0022593078600000004
489,2016-12-09,S&P 500,0.00594694956
490,2016-12-12,S&P 500,-0.00108172368
491,2016-12-13,S&P 500,0.0067120937
492,2016-12-14,S&P 500,-0.00805167042
493,2016-12-15,S&P 500,0.00392885566
494,2016-12-16,S&P 500,-0.0017228487699999999
495,2016-12-19,S&P 500,0.00199973224
496,2016-12-20,S&P 500,0.00378121742
497,2016-12-21,S&P 500,-0.00242375958
498,2016-12-22,S&P 500,-0.00173697782
499,2016-12-23,S&P 500,0.00135082046
500,2016-12-27,S&P 500,0.00225673714
501,2016-12-28,S&P 500,-0.00818276547
502,2016-12-29,S&P 500,-0.00024736964
503,2016-12-30,S&P 500,-0.004589548939999999
504,2017-01-03,S&P 500,0.008510521040000002
505,2017-01-04,S&P 500,0.00595030304
506,2017-01-05,S&P 500,-0.0007599067199999999
507,2017-01-06,S&P 500,0.00382594443
508,2017-01-09,S&P 500,-0.003543880479999999
509,2017-01-10,S&P 500,4.6106e-06
510,2017-01-11,S&P 500,0.00292192811
511,2017-01-12,S&P 500,-0.00212074537
512,2017-01-13,S&P 500,0.00184760242
513,2017-01-17,S&P 500,-0.0029671138800000003
514,2017-01-18,S&P 500,0.00192794481
515,2017-01-19,S&P 500,-0.0035914018599999997
516,2017-01-20,S&P 500,0.00339706216
517,2017-01-23,S&P 500,-0.00266226203
518,2017-01-24,S&P 500,0.00656676921
519,2017-01-25,S&P 500,0.008027346429999999
520,2017-01-26,S&P 500,-0.0007145472
521,2017-01-27,S&P 500,-0.0008133042
522,2017-01-30,S&P 500,-0.005964477020000001
523,2017-01-31,S&P 500,-0.0008834393400000001
524,2017-02-01,S&P 500,0.0005251929799999999
525,2017-02-02,S&P 500,0.0006304947900000001
526,2017-02-03,S&P 500,0.00735291765
527,2017-02-06,S&P 500,-0.00211010457
528,2017-02-07,S&P 500,0.00027308797
529,2017-02-08,S&P 500,0.00101246149
530,2017-02-09,S&P 500,0.005938867380000001
531,2017-02-10,S&P 500,0.0036243439000000002
532,2017-02-13,S&P 500,0.00550264179
533,2017-02-14,S&P 500,0.00429482345
534,2017-02-15,S&P 500,0.0051365249600000005
535,2017-02-16,S&P 500,-0.0007617776799999999
536,2017-02-17,S&P 500,0.0016991137899999998
537,2017-02-21,S&P 500,0.00604942346
538,2017-02-22,S&P 500,-0.00099181617
539,2017-02-23,S&P 500,0.0005347857
540,2017-02-24,S&P 500,0.00173459212
541,2017-02-27,S&P 500,0.00115867878
542,2017-02-28,S&P 500,-0.0025487655800000004
543,2017-03-01,S&P 500,0.01385628951
544,2017-03-02,S&P 500,-0.00577983056
545,2017-03-03,S&P 500,0.00053156882
546,2017-03-06,S&P 500,-0.0032547707300000003
547,2017-03-07,S&P 500,-0.00284666672
548,2017-03-08,S&P 500,-0.00199546991
549,2017-03-09,S&P 500,0.0008113197799999999
550,2017-03-10,S&P 500,0.00328722858
551,2017-03-13,S&P 500,0.0006942083000000001
552,2017-03-14,S&P 500,-0.00333203549
553,2017-03-15,S&P 500,0.008407953440000001
554,2017-03-16,S&P 500,-0.0015906630300000005
555,2017-03-17,S&P 500,-0.00130928788
556,2017-03-20,S&P 500,-0.00198168534
557,2017-03-21,S&P 500,-0.01231971706
558,2017-03-22,S&P 500,0.0019252533100000003
559,2017-03-23,S&P 500,-0.0010471693899999999
560,2017-03-24,S&P 500,-0.00084571826
561,2017-03-27,S&P 500,-0.0010185868
562,2017-03-28,S&P 500,0.007260043790000001
563,2017-03-29,S&P 500,0.0012887768999999998
564,2017-03-30,S&P 500,0.0029666060300000004
565,2017-03-31,S&P 500,-0.00225390942
566,2017-04-03,S&P 500,-0.0015948156800000002
567,2017-04-04,S&P 500,0.00072232744
568,2017-04-05,S&P 500,-0.0029527402
569,2017-04-06,S&P 500,0.00222661716
570,2017-04-07,S&P 500,-0.0008213748999999999
571,2017-04-10,S&P 500,0.0007431984400000001
572,2017-04-11,S&P 500,-0.00129325513
573,2017-04-12,S&P 500,-0.00374509642
574,2017-04-13,S&P 500,-0.0068094444300000005
575,2017-04-17,S&P 500,0.00861710001
576,2017-04-18,S&P 500,-0.0028753376300000005
577,2017-04-19,S&P 500,-0.0015788406999999998
578,2017-04-20,S&P 500,0.00758315692
579,2017-04-21,S&P 500,-0.0030346330800000002
580,2017-04-24,S&P 500,0.010857865020000001
581,2017-04-25,S&P 500,0.006092382370000001
582,2017-04-26,S&P 500,-0.0004749898599999999
583,2017-04-27,S&P 500,0.0006547456099999999
584,2017-04-28,S&P 500,-0.0019045023899999997
585,2017-05-01,S&P 500,0.00173642128
586,2017-05-02,S&P 500,0.0011885961199999998
587,2017-05-03,S&P 500,-0.00107087562
588,2017-05-04,S&P 500,0.0006365491800000001
589,2017-05-05,S&P 500,0.00410156713
590,2017-05-08,S&P 500,0.00013932147
591,2017-05-09,S&P 500,-0.00098114522
592,2017-05-10,S&P 500,0.0015155443699999998
593,2017-05-11,S&P 500,-0.00184240892
594,2017-05-12,S&P 500,-0.00145957116
595,2017-05-15,S&P 500,0.004900626389999999
596,2017-05-16,S&P 500,-0.0004874475
597,2017-05-17,S&P 500,-0.01788298609
598,2017-05-18,S&P 500,0.0037049406299999995
599,2017-05-19,S&P 500,0.006790030999999999
600,2017-05-22,S&P 500,0.005180877979999999
601,2017-05-23,S&P 500,0.00185907895
602,2017-05-24,S&P 500,0.00252735779
603,2017-05-25,S&P 500,0.0045803688700000005
604,2017-05-26,S&P 500,0.00044303344000000004
605,2017-05-30,S&P 500,-0.00105111694
606,2017-05-31,S&P 500,-0.00030512474
607,2017-06-01,S&P 500,0.00769340448
608,2017-06-02,S&P 500,0.003723574620000001
609,2017-06-05,S&P 500,-0.0011810164
610,2017-06-06,S&P 500,-0.0027761004699999995
611,2017-06-07,S&P 500,0.0017773458800000002
612,2017-06-08,S&P 500,0.00029451258
613,2017-06-09,S&P 500,-0.00082682438
614,2017-06-12,S&P 500,-0.00090660557
615,2017-06-13,S&P 500,0.00476850514
616,2017-06-14,S&P 500,-0.00092327473
617,2017-06-15,S&P 500,-0.00205581339
618,2017-06-16,S&P 500,0.00029157292999999995
619,2017-06-19,S&P 500,0.00835885761
620,2017-06-20,S&P 500,-0.00668685323
621,2017-06-21,S&P 500,-0.00049400606
622,2017-06-22,S&P 500,-0.00044620764000000005
623,2017-06-23,S&P 500,0.0015606930100000001
624,2017-06-26,S&P 500,0.00032643277000000005
625,2017-06-27,S&P 500,-0.008072606429999999
626,2017-06-28,S&P 500,0.00900771275
627,2017-06-29,S&P 500,-0.00856837668
628,2017-06-30,S&P 500,0.0015843696700000001
629,2017-07-03,S&P 500,0.0024043222699999998
630,2017-07-05,S&P 500,0.0016493538
631,2017-07-06,S&P 500,-0.0090089724
632,2017-07-07,S&P 500,0.00641452185
633,2017-07-10,S&P 500,0.00093087107
634,2017-07-11,S&P 500,-0.0007683739700000001
635,2017-07-12,S&P 500,0.00739286703
636,2017-07-13,S&P 500,0.0018999667199999998
637,2017-07-14,S&P 500,0.00468929681
638,2017-07-17,S&P 500,-2.075169e-05
639,2017-07-18,S&P 500,0.00061946832
640,2017-07-19,S&P 500,0.005462933149999999
641,2017-07-20,S&P 500,-8.488409e-05
642,2017-07-21,S&P 500,-0.00036933372
643,2017-07-24,S&P 500,-0.00104025737
644,2017-07-25,S&P 500,0.00292053032
645,2017-07-26,S&P 500,0.00028566076
646,2017-07-27,S&P 500,-0.0008674465199999999
647,2017-07-28,S&P 500,-0.0013047310000000002
648,2017-07-31,S&P 500,-0.00072321658
649,2017-08-01,S&P 500,0.00245170098
650,2017-08-02,S&P 500,0.0006849756900000001
651,2017-08-03,S&P 500,-0.0019955365600000004
652,2017-08-04,S&P 500,0.00190824093
653,2017-08-07,S&P 500,0.00167540883
654,2017-08-08,S&P 500,-0.00229478957
655,2017-08-09,S&P 500,-0.00024666521
656,2017-08-10,S&P 500,-0.014115402030000003
657,2017-08-11,S&P 500,0.00134210966
658,2017-08-14,S&P 500,0.0100970021
659,2017-08-15,S&P 500,-0.00026726450000000003
660,2017-08-16,S&P 500,0.0017035031399999993
661,2017-08-17,S&P 500,-0.015391936730000003
662,2017-08-18,S&P 500,-0.0018090828699999998
663,2017-08-21,S&P 500,0.00119149598
664,2017-08-22,S&P 500,0.00997715117
665,2017-08-23,S&P 500,-0.00336309133
666,2017-08-24,S&P 500,-0.00205557683
667,2017-08-25,S&P 500,0.0017859444
668,2017-08-28,S&P 500,0.00053003657
669,2017-08-29,S&P 500,0.00098272536
670,2017-08-30,S&P 500,0.00487477948
671,2017-08-31,S&P 500,0.005765389449999999
672,2017-09-01,S&P 500,0.00204872076
673,2017-09-05,S&P 500,-0.0075518365400000015
674,2017-09-06,S&P 500,0.00313729093
675,2017-09-07,S&P 500,5.011615e-05
676,2017-09-08,S&P 500,-0.00144599494
677,2017-09-11,S&P 500,0.01085297898
678,2017-09-12,S&P 500,0.00342328275
679,2017-09-13,S&P 500,0.0007719645799999999
680,2017-09-14,S&P 500,-0.0007760824400000001
681,2017-09-15,S&P 500,0.00197370143
682,2017-09-18,S&P 500,0.0014936212300000003
683,2017-09-19,S&P 500,0.00112046972
684,2017-09-20,S&P 500,0.00063457557
685,2017-09-21,S&P 500,-0.0030125643900000003
686,2017-09-22,S&P 500,0.00066975302
687,2017-09-25,S&P 500,-0.00222267798
688,2017-09-26,S&P 500,0.00014993123
689,2017-09-27,S&P 500,0.0040861182200000006
690,2017-09-28,S&P 500,0.00141440665
691,2017-09-29,S&P 500,0.00372953314
692,2017-10-02,S&P 500,0.00387707475
693,2017-10-03,S&P 500,0.00220242856
694,2017-10-04,S&P 500,0.00131416158
695,2017-10-05,S&P 500,0.005819725329999999
696,2017-10-06,S&P 500,-0.0007576358599999999
697,2017-10-09,S&P 500,-0.0018055445999999998
698,2017-10-10,S&P 500,0.00235028744
699,2017-10-11,S&P 500,0.0018210093
700,2017-10-12,S&P 500,-0.00159920743
701,2017-10-13,S&P 500,0.0008914425300000002
702,2017-10-16,S&P 500,0.00177176248
703,2017-10-17,S&P 500,0.0006714049000000001
704,2017-10-18,S&P 500,0.0007834138699999999
705,2017-10-19,S&P 500,0.0004107837
706,2017-10-20,S&P 500,0.00518402509
707,2017-10-23,S&P 500,-0.00394843038
708,2017-10-24,S&P 500,0.0016450640400000002
709,2017-10-25,S&P 500,-0.0046643243
710,2017-10-26,S&P 500,0.0012711012599999998
711,2017-10-27,S&P 500,0.008073962799999999
712,2017-10-30,S&P 500,-0.0031128079
713,2017-10-31,S&P 500,0.00097746954
714,2017-11-01,S&P 500,0.00159043607
715,2017-11-02,S&P 500,0.00029738461
716,2017-11-03,S&P 500,0.00319532624
717,2017-11-06,S&P 500,0.0013557506
718,2017-11-07,S&P 500,-0.00018329900000000002
719,2017-11-08,S&P 500,0.0014623613899999999
720,2017-11-09,S&P 500,-0.00351821851
721,2017-11-10,S&P 500,-0.00053778317
722,2017-11-13,S&P 500,0.00100580111
723,2017-11-14,S&P 500,-0.0021545065800000003
724,2017-11-15,S&P 500,-0.005298564150000001
725,2017-11-16,S&P 500,0.00852377732
726,2017-11-17,S&P 500,-0.00258901421
727,2017-11-20,S&P 500,0.00130746205
728,2017-11-21,S&P 500,0.00655652902
729,2017-11-22,S&P 500,-0.0006621510700000001
730,2017-11-24,S&P 500,0.0021029951100000003
731,2017-11-27,S&P 500,-0.0002735958
732,2017-11-28,S&P 500,0.00988946266
733,2017-11-29,S&P 500,-0.00024070217000000005
734,2017-11-30,S&P 500,0.00856032571
735,2017-12-01,S&P 500,-0.00198511682
736,2017-12-04,S&P 500,-0.00102933775
737,2017-12-05,S&P 500,-0.00369463256
738,2017-12-06,S&P 500,-8.947408000000001e-05
739,2017-12-07,S&P 500,0.0031067989399999997
740,2017-12-08,S&P 500,0.005611173629999999
741,2017-12-11,S&P 500,0.00320640534
742,2017-12-12,S&P 500,0.0015836538199999997
743,2017-12-13,S&P 500,-0.00043889526
744,2017-12-14,S&P 500,-0.0039003986
745,2017-12-15,S&P 500,0.00902867334
746,2017-12-18,S&P 500,0.005404844870000001
747,2017-12-19,S&P 500,-0.00321488174
748,2017-12-20,S&P 500,-0.0006968967500000001
749,2017-12-21,S&P 500,0.00198623302
750,2017-12-22,S&P 500,-0.00045300812
751,2017-12-26,S&P 500,-0.00101026114
752,2017-12-27,S&P 500,0.0008623580499999999
753,2017-12-28,S&P 500,0.00202238508
754,2017-12-29,S&P 500,-0.00511973201
755,2018-01-02,S&P 500,0.00834899293
756,2018-01-03,S&P 500,0.0063999892
757,2018-01-04,S&P 500,0.00423606178
758,2018-01-05,S&P 500,0.007032022759999999
759,2018-01-08,S&P 500,0.00168045752
760,2018-01-09,S&P 500,0.0016014452599999998
761,2018-01-10,S&P 500,-0.0011051751199999999
762,2018-01-11,S&P 500,0.00711257953
763,2018-01-12,S&P 500,0.00675180083
764,2018-01-16,S&P 500,-0.00350685501
765,2018-01-17,S&P 500,0.00941339941
766,2018-01-18,S&P 500,-0.0015269895800000001
767,2018-01-19,S&P 500,0.004409747120000001
768,2018-01-22,S&P 500,0.00808195673
769,2018-01-23,S&P 500,0.0022137731600000003
770,2018-01-24,S&P 500,-0.00055874657
771,2018-01-25,S&P 500,0.00060501435
772,2018-01-26,S&P 500,0.01185897033
773,2018-01-29,S&P 500,-0.006673630450000001
774,2018-01-30,S&P 500,-0.010831123759999998
775,2018-01-31,S&P 500,0.00051870331
776,2018-02-01,S&P 500,-0.00045615294
777,2018-02-02,S&P 500,-0.0211459234
778,2018-02-05,S&P 500,-0.04097614992
779,2018-02-06,S&P 500,0.01754990351
780,2018-02-07,S&P 500,-0.0049746943
781,2018-02-08,S&P 500,-0.03739312524
782,2018-02-09,S&P 500,0.015264920569999996
783,2018-02-12,S&P 500,0.0139493686
784,2018-02-13,S&P 500,0.0026688150300000005
785,2018-02-14,S&P 500,0.01368812282
786,2018-02-15,S&P 500,0.012311818290000002
787,2018-02-16,S&P 500,0.0004625407400000001
788,2018-02-20,S&P 500,-0.005771877679999999
789,2018-02-21,S&P 500,-0.0054767745
790,2018-02-22,S&P 500,0.00105755258
791,2018-02-23,S&P 500,0.016091516780000002
792,2018-02-26,S&P 500,0.01187938645
793,2018-02-27,S&P 500,-0.01256381091
794,2018-02-28,S&P 500,-0.01099288573
795,2018-03-01,S&P 500,-0.013169269
796,2018-03-02,S&P 500,0.00516540413
797,2018-03-05,S&P 500,0.01103830732
798,2018-03-06,S&P 500,0.00269119737
799,2018-03-07,S&P 500,-0.00041495546999999997
800,2018-03-08,S&P 500,0.00473467045
801,2018-03-09,S&P 500,0.017402909709999997
802,2018-03-12,S&P 500,-0.00127036792
803,2018-03-13,S&P 500,-0.00630485024
804,2018-03-14,S&P 500,-0.00544785505
805,2018-03-15,S&P 500,-0.00071931459
806,2018-03-16,S&P 500,0.00173664276
807,2018-03-19,S&P 500,-0.0141966089
808,2018-03-20,S&P 500,0.0014992908100000001
809,2018-03-21,S&P 500,-0.0017367994899999998
810,2018-03-22,S&P 500,-0.02512433114
811,2018-03-23,S&P 500,-0.020955412290000003
812,2018-03-26,S&P 500,0.02715774863
813,2018-03-27,S&P 500,-0.017273884360000002
814,2018-03-28,S&P 500,-0.00274868284
815,2018-03-29,S&P 500,0.013817238680000002
816,2018-04-02,S&P 500,-0.02232705429
817,2018-04-03,S&P 500,0.01265565631
818,2018-04-04,S&P 500,0.01163874471
819,2018-04-05,S&P 500,0.00700822808
820,2018-04-06,S&P 500,-0.02190042862
821,2018-04-09,S&P 500,0.00363414519
822,2018-04-10,S&P 500,0.01675804156
823,2018-04-11,S&P 500,-0.00548101155
824,2018-04-12,S&P 500,0.008371666600000001
825,2018-04-13,S&P 500,-0.0028670827399999996
826,2018-04-16,S&P 500,0.00813563713
827,2018-04-17,S&P 500,0.010659908409999998
828,2018-04-18,S&P 500,0.0008327955800000001
829,2018-04-19,S&P 500,-0.00560323868
830,2018-04-20,S&P 500,-0.008487748270000001
831,2018-04-23,S&P 500,5.569965e-05
832,2018-04-24,S&P 500,-0.01335650872
833,2018-04-25,S&P 500,0.0018365804500000001
834,2018-04-26,S&P 500,0.01043714802
835,2018-04-27,S&P 500,0.0011708649300000002
836,2018-04-30,S&P 500,-0.008153814550000001
837,2018-05-01,S&P 500,0.00255428245
838,2018-05-02,S&P 500,-0.0072066068099999984
839,2018-05-03,S&P 500,-0.00214512354
840,2018-05-04,S&P 500,0.012991861720000001
841,2018-05-07,S&P 500,0.0034768536200000004
842,2018-05-08,S&P 500,-0.00025531815
843,2018-05-09,S&P 500,0.00979939908
844,2018-05-10,S&P 500,0.009599186800000001
845,2018-05-11,S&P 500,0.0020554498000000003
846,2018-05-14,S&P 500,0.00092882057
847,2018-05-15,S&P 500,-0.0067965217000000005
848,2018-05-16,S&P 500,0.004338254410000001
849,2018-05-17,S&P 500,-0.0005679933700000001
850,2018-05-18,S&P 500,-0.00255036451
851,2018-05-21,S&P 500,0.007416786120000002
852,2018-05-22,S&P 500,-0.00311810178
853,2018-05-23,S&P 500,0.0032766214700000003
854,2018-05-24,S&P 500,-0.00198594489
855,2018-05-25,S&P 500,-0.00224142747
856,2018-05-29,S&P 500,-0.011521873059999998
857,2018-05-30,S&P 500,0.012876811200000001
858,2018-05-31,S&P 500,-0.00666159784
859,2018-06-01,S&P 500,0.01094232407
860,2018-06-04,S&P 500,0.00450283161
861,2018-06-05,S&P 500,0.00076322746
862,2018-06-06,S&P 500,0.00859749622
863,2018-06-07,S&P 500,-0.00053407574
864,2018-06-08,S&P 500,0.00316494965
865,2018-06-11,S&P 500,0.00107460832
866,2018-06-12,S&P 500,0.0017866600999999996
867,2018-06-13,S&P 500,-0.00398866151
868,2018-06-14,S&P 500,0.00277770951
869,2018-06-15,S&P 500,-0.0009136515899999999
870,2018-06-18,S&P 500,-0.00211008885
871,2018-06-19,S&P 500,-0.00397598765
872,2018-06-20,S&P 500,0.00171063943
873,2018-06-21,S&P 500,-0.006248791370000001
874,2018-06-22,S&P 500,0.0018896934
875,2018-06-25,S&P 500,-0.013722128690000002
876,2018-06-26,S&P 500,0.00220261454
877,2018-06-27,S&P 500,-0.00860527945
878,2018-06-28,S&P 500,0.00631391549
879,2018-06-29,S&P 500,0.0008220651799999999
880,2018-07-02,S&P 500,0.0031132559000000004
881,2018-07-03,S&P 500,-0.0049476710999999994
882,2018-07-05,S&P 500,0.0088640227
883,2018-07-06,S&P 500,0.00855230667
884,2018-07-09,S&P 500,0.00911429409
885,2018-07-10,S&P 500,0.00349346297
886,2018-07-11,S&P 500,-0.007094317009999999
887,2018-07-12,S&P 500,0.008849171409999999
888,2018-07-13,S&P 500,0.00108295861
889,2018-07-16,S&P 500,-0.00097975904
890,2018-07-17,S&P 500,0.003988042379999999
891,2018-07-18,S&P 500,0.00215983289
892,2018-07-19,S&P 500,-0.00384868976
893,2018-07-20,S&P 500,-0.00090754722
894,2018-07-23,S&P 500,0.00183980266
895,2018-07-24,S&P 500,0.0048310565
896,2018-07-25,S&P 500,0.009108473320000001
897,2018-07-26,S&P 500,-0.0030312208399999995
898,2018-07-27,S&P 500,-0.00656069236
899,2018-07-30,S&P 500,-0.00567195419
900,2018-07-31,S&P 500,0.00491531782
901,2018-08-01,S&P 500,-0.00103814719
902,2018-08-02,S&P 500,0.00503021127
903,2018-08-03,S&P 500,0.00477905404
904,2018-08-06,S&P 500,0.003633023
905,2018-08-07,S&P 500,0.0028338663
906,2018-08-08,S&P 500,-0.00023238291
907,2018-08-09,S&P 500,-0.0011827285999999998
908,2018-08-10,S&P 500,-0.006814295620000001
909,2018-08-13,S&P 500,-0.00398997978
910,2018-08-14,S&P 500,0.006477046970000001
911,2018-08-15,S&P 500,-0.007418367009999999
912,2018-08-16,S&P 500,0.00821950007
913,2018-08-17,S&P 500,0.00340591459
914,2018-08-20,S&P 500,0.00246585484
915,2018-08-21,S&P 500,0.00210392397
916,2018-08-22,S&P 500,-0.00036917302
917,2018-08-23,S&P 500,-0.00163024231
918,2018-08-24,S&P 500,0.0062097898300000004
919,2018-08-27,S&P 500,0.007784928240000002
920,2018-08-28,S&P 500,0.00027734531000000003
921,2018-08-29,S&P 500,0.005787540839999999
922,2018-08-30,S&P 500,-0.004266609879999999
923,2018-08-31,S&P 500,0.00023653799
924,2018-09-04,S&P 500,-0.0015611475
925,2018-09-05,S&P 500,-0.0027958907799999996
926,2018-09-06,S&P 500,-0.0033575948500000003
927,2018-09-07,S&P 500,-0.00213130955
928,2018-09-10,S&P 500,0.00189596847
929,2018-09-11,S&P 500,0.00380790512
930,2018-09-12,S&P 500,0.00036639851999999997
931,2018-09-13,S&P 500,0.005547746750000001
932,2018-09-14,S&P 500,0.00042426121
933,2018-09-17,S&P 500,-0.005553182439999999
934,2018-09-18,S&P 500,0.005408147289999999
935,2018-09-19,S&P 500,0.00125465327
936,2018-09-20,S&P 500,0.00788528872
937,2018-09-21,S&P 500,-0.0003461254
938,2018-09-24,S&P 500,-0.0035137254700000004
939,2018-09-25,S&P 500,-0.00123271564
940,2018-09-26,S&P 500,-0.00329222586
941,2018-09-27,S&P 500,0.0029503038899999995
942,2018-09-28,S&P 500,3.5159770000000006e-05
943,2018-10-01,S&P 500,0.00364876204
944,2018-10-02,S&P 500,-0.00036056328
945,2018-10-03,S&P 500,0.0007113502099999999
946,2018-10-04,S&P 500,-0.007935519759999999
947,2018-10-05,S&P 500,-0.0055147272100000005
948,2018-10-08,S&P 500,-0.00039284419
949,2018-10-09,S&P 500,-0.00112642621
950,2018-10-10,S&P 500,-0.032857082819999994
951,2018-10-11,S&P 500,-0.02056968187
952,2018-10-12,S&P 500,0.014313780480000001
953,2018-10-15,S&P 500,-0.00588203562
954,2018-10-16,S&P 500,0.021523616239999998
955,2018-10-17,S&P 500,-0.00021200955
956,2018-10-18,S&P 500,-0.01429559548
957,2018-10-19,S&P 500,-0.00033450163999999995
958,2018-10-22,S&P 500,-0.0042731495
959,2018-10-23,S&P 500,-0.005461745989999999
960,2018-10-24,S&P 500,-0.03086415695
961,2018-10-25,S&P 500,0.01862316786
962,2018-10-26,S&P 500,-0.017325909119999996
963,2018-10-29,S&P 500,-0.00654653144
964,2018-10-30,S&P 500,0.01575694506
965,2018-10-31,S&P 500,0.01088485327
966,2018-11-01,S&P 500,0.010584847509999998
967,2018-11-02,S&P 500,-0.006227936629999999
968,2018-11-05,S&P 500,0.005627629129999999
969,2018-11-06,S&P 500,0.00633895981
970,2018-11-07,S&P 500,0.02122033441
971,2018-11-08,S&P 500,-0.00198438155
972,2018-11-09,S&P 500,-0.00902820912
973,2018-11-12,S&P 500,-0.019702675149999998
974,2018-11-13,S&P 500,-0.0014467930800000002
975,2018-11-14,S&P 500,-0.0073085708499999995
976,2018-11-15,S&P 500,0.010920403909999998
977,2018-11-16,S&P 500,0.0022968412300000004
978,2018-11-19,S&P 500,-0.01661343299
979,2018-11-20,S&P 500,-0.01807715192
980,2018-11-21,S&P 500,0.00312601924
981,2018-11-23,S&P 500,-0.00650374201
982,2018-11-26,S&P 500,0.01565235619
983,2018-11-27,S&P 500,0.00327156701
984,2018-11-28,S&P 500,0.02303781067
985,2018-11-29,S&P 500,-0.00195297746
986,2018-11-30,S&P 500,0.008360568129999999
987,2018-12-03,S&P 500,0.01094087465
988,2018-12-04,S&P 500,-0.032307771760000006
989,2018-12-06,S&P 500,-0.00120796352
990,2018-12-07,S&P 500,-0.02316183498
991,2018-12-10,S&P 500,0.0017714740899999995
992,2018-12-11,S&P 500,-0.00030575895
993,2018-12-12,S&P 500,0.005428573179999999
994,2018-12-13,S&P 500,-1.383173e-05
995,2018-12-14,S&P 500,-0.01896445289
996,2018-12-17,S&P 500,-0.020718752290000003
997,2018-12-18,S&P 500,0.00015156964
998,2018-12-19,S&P 500,-0.015303153380000002
999,2018-12-20,S&P 500,-0.01574826541
1000,2018-12-21,S&P 500,-0.020588354
1001,2018-12-24,S&P 500,-0.02703765262
1002,2018-12-26,S&P 500,0.04961450096
1003,2018-12-27,S&P 500,0.008654915390000002
1004,2018-12-28,S&P 500,-0.00107773646
1005,2018-12-31,S&P 500,0.008622459340000001
1006,2019-01-02,S&P 500,0.00127178669
1007,2019-01-03,S&P 500,-0.024498338289999998
1008,2019-01-04,S&P 500,0.03433563732
1009,2019-01-07,S&P 500,0.00701267056
1010,2019-01-08,S&P 500,0.00971748604
1011,2019-01-09,S&P 500,0.0044173052600000005
1012,2019-01-10,S&P 500,0.00451890839
1013,2019-01-11,S&P 500,-0.00014495074
1014,2019-01-14,S&P 500,-0.00514374192
1015,2019-01-15,S&P 500,0.010743528549999999
1016,2019-01-16,S&P 500,0.00224571085
1017,2019-01-17,S&P 500,0.007690203529999998
1018,2019-01-18,S&P 500,0.01321226182
1019,2019-01-22,S&P 500,-0.0141175504
1020,2019-01-23,S&P 500,0.00220156707
1021,2019-01-24,S&P 500,0.0014088563400000002
1022,2019-01-25,S&P 500,0.008523073340000001
1023,2019-01-28,S&P 500,-0.007848669090000001
1024,2019-01-29,S&P 500,-0.0014387296800000002
1025,2019-01-30,S&P 500,0.015661312790000003
1026,2019-01-31,S&P 500,0.00881310494
1027,2019-02-01,S&P 500,0.00103315965
1028,2019-02-04,S&P 500,0.00679201177
1029,2019-02-05,S&P 500,0.004718709979999999
1030,2019-02-06,S&P 500,-0.00212758573
1031,2019-02-07,S&P 500,-0.00921261244
1032,2019-02-08,S&P 500,0.00100736416
1033,2019-02-11,S&P 500,0.00072065616
1034,2019-02-12,S&P 500,0.01296116882
1035,2019-02-13,S&P 500,0.0031055612899999994
1036,2019-02-14,S&P 500,-0.002303853
1037,2019-02-15,S&P 500,0.01095261471
1038,2019-02-19,S&P 500,0.0015725237900000002
1039,2019-02-20,S&P 500,0.00197189512
1040,2019-02-21,S&P 500,-0.00344078718
1041,2019-02-22,S&P 500,0.00644310988
1042,2019-02-25,S&P 500,0.0013705267500000002
1043,2019-02-26,S&P 500,-0.00077826218
1044,2019-02-27,S&P 500,-0.00039036229
1045,2019-02-28,S&P 500,-0.00252738915
1046,2019-03-01,S&P 500,0.0069508786999999995
1047,2019-03-04,S&P 500,-0.00385690133
1048,2019-03-05,S&P 500,-0.00109984148
1049,2019-03-06,S&P 500,-0.00647763291
1050,2019-03-07,S&P 500,-0.00791547506
1051,2019-03-08,S&P 500,-0.00203561735
1052,2019-03-11,S&P 500,0.0146774514
1053,2019-03-12,S&P 500,0.0030000813899999997
1054,2019-03-13,S&P 500,0.00701924137
1055,2019-03-14,S&P 500,-0.00052954681
1056,2019-03-15,S&P 500,0.00502410964
1057,2019-03-18,S&P 500,0.00371756523
1058,2019-03-19,S&P 500,-0.00010205212
1059,2019-03-20,S&P 500,-0.0028995199100000004
1060,2019-03-21,S&P 500,0.01090698686
1061,2019-03-22,S&P 500,-0.0188975815
1062,2019-03-25,S&P 500,-0.0007634237599999999
1063,2019-03-26,S&P 500,0.00718361665
1064,2019-03-27,S&P 500,-0.004630479900000001
1065,2019-03-28,S&P 500,0.00374631083
1066,2019-03-29,S&P 500,0.006779935209999999
1067,2019-04-01,S&P 500,0.01157722348
1068,2019-04-02,S&P 500,5.453977e-05
1069,2019-04-03,S&P 500,0.0021493534600000004
1070,2019-04-04,S&P 500,0.0023134395199999997
1071,2019-04-05,S&P 500,0.00464553033
1072,2019-04-08,S&P 500,0.0010659008599999999
1073,2019-04-09,S&P 500,-0.0057642686200000005
1074,2019-04-10,S&P 500,0.00356147803
1075,2019-04-11,S&P 500,5.070616e-05
1076,2019-04-12,S&P 500,0.006709967809999999
1077,2019-04-15,S&P 500,-0.00060674769
1078,2019-04-16,S&P 500,0.0005073936099999999
1079,2019-04-17,S&P 500,-0.0021730061499999997
1080,2019-04-18,S&P 500,0.00160320924
1081,2019-04-22,S&P 500,0.0010388772
1082,2019-04-23,S&P 500,0.008889526759999999
1083,2019-04-24,S&P 500,-0.00218827753
1084,2019-04-25,S&P 500,-0.00036870401
1085,2019-04-26,S&P 500,0.00471504941
1086,2019-04-29,S&P 500,0.00111756549
1087,2019-04-30,S&P 500,0.0009793162699999998
1088,2019-05-01,S&P 500,-0.00749296324
1089,2019-05-02,S&P 500,-0.00208425272
1090,2019-05-03,S&P 500,0.009737457759999998
1091,2019-05-06,S&P 500,-0.00438631084
1092,2019-05-07,S&P 500,-0.01650563924
1093,2019-05-08,S&P 500,-0.00157760445
1094,2019-05-09,S&P 500,-0.0026729494600000003
1095,2019-05-10,S&P 500,0.004064271689999999
1096,2019-05-13,S&P 500,-0.024092943730000003
1097,2019-05-14,S&P 500,0.008130782190000001
1098,2019-05-15,S&P 500,0.00604011173
1099,2019-05-16,S&P 500,0.00918505178
1100,2019-05-17,S&P 500,-0.005735791139999999
1101,2019-05-20,S&P 500,-0.006732447390000001
1102,2019-05-21,S&P 500,0.00852075922
1103,2019-05-22,S&P 500,-0.0028043949600000005
1104,2019-05-23,S&P 500,-0.011810273119999999
1105,2019-05-24,S&P 500,0.0015028354
1106,2019-05-28,S&P 500,-0.008369793129999999
1107,2019-05-29,S&P 500,-0.00688342495
1108,2019-05-30,S&P 500,0.00223460204
1109,2019-05-31,S&P 500,-0.01300088367
1110,2019-06-03,S&P 500,-0.00275794847
1111,2019-06-04,S&P 500,0.02148571557
1112,2019-06-05,S&P 500,0.00828473174
1113,2019-06-06,S&P 500,0.00640873728
1114,2019-06-07,S&P 500,0.010594043829999998
1115,2019-06-10,S&P 500,0.00466476521
1116,2019-06-11,S&P 500,-0.00029879273999999995
1117,2019-06-12,S&P 500,-0.00202083721
1118,2019-06-13,S&P 500,0.00439666566
1119,2019-06-14,S&P 500,-0.00147624034
1120,2019-06-17,S&P 500,0.00093791579
1121,2019-06-18,S&P 500,0.00974756228
1122,2019-06-19,S&P 500,0.0029869373200000003
1123,2019-06-20,S&P 500,0.009567498890000001
1124,2019-06-21,S&P 500,-0.0011999597
1125,2019-06-24,S&P 500,-0.0017306541
1126,2019-06-25,S&P 500,-0.00949485363
1127,2019-06-26,S&P 500,-0.00123547785
1128,2019-06-27,S&P 500,0.00397499469
1129,2019-06-28,S&P 500,0.00580478402
1130,2019-07-01,S&P 500,0.007679982509999999
1131,2019-07-02,S&P 500,0.00296646637
1132,2019-07-03,S&P 500,0.00791361132
1133,2019-07-05,S&P 500,-0.0017004095100000005
1134,2019-07-08,S&P 500,-0.00482155459
1135,2019-07-09,S&P 500,0.00152885893
1136,2019-07-10,S&P 500,0.004521888710000001
1137,2019-07-11,S&P 500,0.00228840329
1138,2019-07-12,S&P 500,0.00471777529
1139,2019-07-15,S&P 500,0.00017427861999999998
1140,2019-07-16,S&P 500,-0.0033721137799999994
1141,2019-07-17,S&P 500,-0.006516276529999999
1142,2019-07-18,S&P 500,0.003684392
1143,2019-07-19,S&P 500,-0.006136544870000001
1144,2019-07-22,S&P 500,0.00285327094
1145,2019-07-23,S&P 500,0.00686565491
1146,2019-07-24,S&P 500,0.00472774714
1147,2019-07-25,S&P 500,-0.00525689949
1148,2019-07-26,S&P 500,0.007400297229999998
1149,2019-07-29,S&P 500,-0.00161229921
1150,2019-07-30,S&P 500,-0.00247908902
1151,2019-07-31,S&P 500,-0.01085832167
1152,2019-08-01,S&P 500,-0.00889896638
1153,2019-08-02,S&P 500,-0.00719351517
1154,2019-08-05,S&P 500,-0.02972774039
1155,2019-08-06,S&P 500,0.013093946200000001
1156,2019-08-07,S&P 500,0.00079464914
1157,2019-08-08,S&P 500,0.01901873705
1158,2019-08-09,S&P 500,-0.006460416020000001
1159,2019-08-12,S&P 500,-0.01178417772
1160,2019-08-13,S&P 500,0.014800676730000004
1161,2019-08-14,S&P 500,-0.029006729449999998
1162,2019-08-15,S&P 500,0.00265468076
1163,2019-08-16,S&P 500,0.01459251672
1164,2019-08-19,S&P 500,0.012162965490000002
1165,2019-08-20,S&P 500,-0.007840391120000002
1166,2019-08-21,S&P 500,0.00828846385
1167,2019-08-22,S&P 500,-0.0004791545200000001
1168,2019-08-23,S&P 500,-0.02593915779
1169,2019-08-26,S&P 500,0.011107510199999998
1170,2019-08-27,S&P 500,-0.00319872637
1171,2019-08-28,S&P 500,0.00658284334
1172,2019-08-29,S&P 500,0.012856487279999999
1173,2019-08-30,S&P 500,0.0007773936900000001
1174,2019-09-03,S&P 500,-0.006829297979999999
1175,2019-09-04,S&P 500,0.010926070449999999
1176,2019-09-05,S&P 500,0.0132429628
1177,2019-09-06,S&P 500,0.0009482813
1178,2019-09-09,S&P 500,-1.2784080000000002e-05
1179,2019-09-10,S&P 500,0.00035435386
1180,2019-09-11,S&P 500,0.00728085457
1181,2019-09-12,S&P 500,0.00303420583
1182,2019-09-13,S&P 500,-0.00044864664000000007
1183,2019-09-16,S&P 500,-0.00310442163
1184,2019-09-17,S&P 500,0.0025852406300000005
1185,2019-09-18,S&P 500,0.00034849822
1186,2019-09-19,S&P 500,7.952014000000001e-05
1187,2019-09-20,S&P 500,-0.0048469878600000006
1188,2019-09-23,S&P 500,-9.801235e-05
1189,2019-09-24,S&P 500,-0.008335753659999999
1190,2019-09-25,S&P 500,0.00615935881
1191,2019-09-26,S&P 500,-0.00236840349
1192,2019-09-27,S&P 500,-0.0051722252
1193,2019-09-30,S&P 500,0.00509896222
1194,2019-10-01,S&P 500,-0.01221461146
1195,2019-10-02,S&P 500,-0.01790395701
1196,2019-10-03,S&P 500,0.008222656870000001
1197,2019-10-04,S&P 500,0.01421992848
1198,2019-10-07,S&P 500,-0.0044743337
1199,2019-10-08,S&P 500,-0.015537174480000002
1200,2019-10-09,S&P 500,0.0094213155
1201,2019-10-10,S&P 500,0.0064374294
1202,2019-10-11,S&P 500,0.01103342841
1203,2019-10-14,S&P 500,-0.0013867729000000002
1204,2019-10-15,S&P 500,0.00995810695
1205,2019-10-16,S&P 500,-0.00193281584
1206,2019-10-17,S&P 500,0.00283969127
1207,2019-10-18,S&P 500,-0.00389352805
1208,2019-10-21,S&P 500,0.006902517729999999
1209,2019-10-22,S&P 500,-0.0035373341999999997
1210,2019-10-23,S&P 500,0.00288308458
1211,2019-10-24,S&P 500,0.00192248776
1212,2019-10-25,S&P 500,0.00409022852
1213,2019-10-28,S&P 500,0.0055814727
1214,2019-10-29,S&P 500,-0.0008199746000000001
1215,2019-10-30,S&P 500,0.0033347817
1216,2019-10-31,S&P 500,-0.00295595434
1217,2019-11-01,S&P 500,0.00975054707
1218,2019-11-04,S&P 500,0.00371616544
1219,2019-11-05,S&P 500,-0.00118082535
1220,2019-11-06,S&P 500,0.00077508998
1221,2019-11-07,S&P 500,0.0031986948699999997
1222,2019-11-08,S&P 500,0.0027440320799999997
1223,2019-11-11,S&P 500,-0.00196560582
1224,2019-11-12,S&P 500,0.0016178626199999998
1225,2019-11-13,S&P 500,0.0007469182400000001
1226,2019-11-14,S&P 500,0.00109269215
1227,2019-11-15,S&P 500,0.007871917170000001
1228,2019-11-18,S&P 500,0.0005184325799999999
1229,2019-11-19,S&P 500,-0.00053104902
1230,2019-11-20,S&P 500,-0.00356196233
1231,2019-11-21,S&P 500,-0.0015219026900000002
1232,2019-11-22,S&P 500,0.00218745082
1233,2019-11-25,S&P 500,0.00762767772
1234,2019-11-26,S&P 500,0.00222126517
1235,2019-11-27,S&P 500,0.004294890870000001
1236,2019-11-29,S&P 500,-0.0037897915999999996
1237,2019-12-02,S&P 500,-0.008596511009999998
1238,2019-12-03,S&P 500,-0.0066057259200000005
1239,2019-12-04,S&P 500,0.006428687389999999
1240,2019-12-05,S&P 500,0.0017761338600000003
1241,2019-12-06,S&P 500,0.00918404907
1242,2019-12-09,S&P 500,-0.00308007721
1243,2019-12-10,S&P 500,-0.00106335069
1244,2019-12-11,S&P 500,0.0029182732
1245,2019-12-12,S&P 500,0.008718096340000002
1246,2019-12-13,S&P 500,0.00024644394
1247,2019-12-16,S&P 500,0.007176270009999999
1248,2019-12-17,S&P 500,0.00034216464000000004
1249,2019-12-18,S&P 500,-0.00034680572999999995
1250,2019-12-19,S&P 500,0.00452322902
1251,2019-12-20,S&P 500,0.004998575179999999
1252,2019-12-23,S&P 500,0.0008646720300000001
1253,2019-12-24,S&P 500,-0.00012436711
1254,2019-12-26,S&P 500,0.00522010882
1255,2019-12-27,S&P 500,4.994199e-05
1256,2019-12-30,S&P 500,-0.00565007708
1257,2019-12-31,S&P 500,0.0030091912300000004
1258,2020-01-02,S&P 500,0.0085020497
1259,2020-01-03,S&P 500,-0.00695502517
1260,2020-01-06,S&P 500,0.00353767096
1261,2020-01-07,S&P 500,-0.0027028063899999996
1262,2020-01-08,S&P 500,0.004935025179999999
1263,2020-01-09,S&P 500,0.006921426170000001
1264,2020-01-10,S&P 500,-0.0028537700399999997
1265,2020-01-13,S&P 500,0.00697965475
1266,2020-01-14,S&P 500,-0.0014191854199999995
1267,2020-01-15,S&P 500,0.00188887898
1268,2020-01-16,S&P 500,0.00840169486
1269,2020-01-17,S&P 500,0.0038849100399999995
1270,2020-01-21,S&P 500,-0.00263380189
1271,2020-01-22,S&P 500,0.00032498517000000005
1272,2020-01-23,S&P 500,0.00121427376
1273,2020-01-24,S&P 500,-0.00901467306
1274,2020-01-27,S&P 500,-0.01573226011
1275,2020-01-28,S&P 500,0.01007497247
1276,2020-01-29,S&P 500,-0.0008444058900000001
1277,2020-01-30,S&P 500,0.0032853294399999996
1278,2020-01-31,S&P 500,-0.017623731
1279,2020-02-03,S&P 500,0.007270216090000001
1280,2020-02-04,S&P 500,0.014981786619999998
1281,2020-02-05,S&P 500,0.011272701609999998
1282,2020-02-06,S&P 500,0.0034926629299999994
1283,2020-02-07,S&P 500,-0.00520525614
1284,2020-02-10,S&P 500,0.00747948835
1285,2020-02-11,S&P 500,0.00172672625
1286,2020-02-12,S&P 500,0.006496260079999999
1287,2020-02-13,S&P 500,-0.0013113945000000002
1288,2020-02-14,S&P 500,0.00200683058
1289,2020-02-18,S&P 500,-0.0028578537600000005
1290,2020-02-19,S&P 500,0.00487873169
1291,2020-02-20,S&P 500,-0.0037681386600000003
1292,2020-02-21,S&P 500,-0.01048399618
1293,2020-02-24,S&P 500,-0.03338885473
1294,2020-02-25,S&P 500,-0.03025948947
1295,2020-02-26,S&P 500,-0.00377066198
1296,2020-02-27,S&P 500,-0.043965274689999986
1297,2020-02-28,S&P 500,-0.00807526712
1298,2020-03-02,S&P 500,0.04606284741
1299,2020-03-03,S&P 500,-0.028077499510000003
1300,2020-03-04,S&P 500,0.042257393770000005
1301,2020-03-05,S&P 500,-0.03371476997
1302,2020-03-06,S&P 500,-0.01702216864
1303,2020-03-09,S&P 500,-0.07586761544
1304,2020-03-10,S&P 500,0.0494242216
1305,2020-03-11,S&P 500,-0.04879718373
1306,2020-03-12,S&P 500,-0.09491398065
1307,2020-03-13,S&P 500,0.09320586174
1308,2020-03-16,S&P 500,-0.1197981641
1309,2020-03-17,S&P 500,0.05998634057000001
1310,2020-03-18,S&P 500,-0.051828314010000015
1311,2020-03-19,S&P 500,0.004783077189999999
1312,2020-03-20,S&P 500,-0.043193508080000005
1313,2020-03-23,S&P 500,-0.029291437960000007
1314,2020-03-24,S&P 500,0.09393466106000001
1315,2020-03-25,S&P 500,0.01153813425
1316,2020-03-26,S&P 500,0.06246102934
1317,2020-03-27,S&P 500,-0.03368427261
1318,2020-03-30,S&P 500,0.03368208693
1319,2020-03-31,S&P 500,-0.01591099428
1320,2020-04-01,S&P 500,-0.044135454430000005
1321,2020-04-02,S&P 500,0.022996353709999997
1322,2020-04-03,S&P 500,-0.015003747340000002
1323,2020-04-06,S&P 500,0.07034441541
1324,2020-04-07,S&P 500,-0.0015914065099999998
1325,2020-04-08,S&P 500,0.03429987102
1326,2020-04-09,S&P 500,0.01461622598
1327,2020-04-13,S&P 500,-0.01008396638
1328,2020-04-14,S&P 500,0.03069670298
1329,2020-04-15,S&P 500,-0.02196766855
1330,2020-04-16,S&P 500,0.00582263526
1331,2020-04-17,S&P 500,0.02683513887
1332,2020-04-20,S&P 500,-0.017882346849999998
1333,2020-04-21,S&P 500,-0.03064835519
1334,2020-04-22,S&P 500,0.0229594407
1335,2020-04-23,S&P 500,-0.0004573670200000001
1336,2020-04-24,S&P 500,0.013941619450000001
1337,2020-04-27,S&P 500,0.01473130365
1338,2020-04-28,S&P 500,-0.005234598710000001
1339,2020-04-29,S&P 500,0.02661699096
1340,2020-04-30,S&P 500,-0.00917666452
1341,2020-05-01,S&P 500,-0.0279500192
1342,2020-05-04,S&P 500,0.00425659509
1343,2020-05-05,S&P 500,0.00903928396
1344,2020-05-06,S&P 500,-0.0069005777
1345,2020-05-07,S&P 500,0.01186006572
1346,2020-05-08,S&P 500,0.017064068669999998
1347,2020-05-11,S&P 500,0.00018551015
1348,2020-05-12,S&P 500,-0.0203775959
1349,2020-05-13,S&P 500,-0.01739312357
1350,2020-05-14,S&P 500,0.0117392072
1351,2020-05-15,S&P 500,0.00403248474
1352,2020-05-18,S&P 500,0.0316189875
1353,2020-05-19,S&P 500,-0.0103930083
1354,2020-05-20,S&P 500,0.01683854144
1355,2020-05-21,S&P 500,-0.00770747071
1356,2020-05-22,S&P 500,0.00252621588
1357,2020-05-26,S&P 500,0.01230464384
1358,2020-05-27,S&P 500,0.01484812377
1359,2020-05-28,S&P 500,-0.00199181452
1360,2020-05-29,S&P 500,0.004969597960000001
1361,2020-06-01,S&P 500,0.00379961156
1362,2020-06-02,S&P 500,0.008241771120000001
1363,2020-06-03,S&P 500,0.01375070628
1364,2020-06-04,S&P 500,-0.00315116208
1365,2020-06-05,S&P 500,0.02622534054
1366,2020-06-08,S&P 500,0.012059076840000002
1367,2020-06-09,S&P 500,-0.0077295564
1368,2020-06-10,S&P 500,-0.00530901463
1369,2020-06-11,S&P 500,-0.05882871432999999
1370,2020-06-12,S&P 500,0.013362451090000001
1371,2020-06-15,S&P 500,0.008347038499999999
1372,2020-06-16,S&P 500,0.01897898993
1373,2020-06-17,S&P 500,-0.0036005764200000004
1374,2020-06-18,S&P 500,0.0006301866700000001
1375,2020-06-19,S&P 500,-0.0054632445499999994
1376,2020-06-22,S&P 500,0.006495179320000001
1377,2020-06-23,S&P 500,0.00431147027
1378,2020-06-24,S&P 500,-0.02584918477
1379,2020-06-25,S&P 500,0.011010065800000001
1380,2020-06-26,S&P 500,-0.02421390329
1381,2020-06-29,S&P 500,0.014809248280000003
1382,2020-06-30,S&P 500,0.015489970480000004
1383,2020-07-01,S&P 500,0.00505313228
1384,2020-07-02,S&P 500,0.0047608997499999995
1385,2020-07-06,S&P 500,0.015886231119999997
1386,2020-07-07,S&P 500,-0.01081392073
1387,2020-07-08,S&P 500,0.007842739000000001
1388,2020-07-09,S&P 500,-0.00536114827
1389,2020-07-10,S&P 500,0.01046987718
1390,2020-07-13,S&P 500,-0.00936210725
1391,2020-07-14,S&P 500,0.013538726469999998
1392,2020-07-15,S&P 500,0.00910177959
1393,2020-07-16,S&P 500,-0.00337432715
1394,2020-07-17,S&P 500,0.00289968034
1395,2020-07-20,S&P 500,0.00840734323
1396,2020-07-21,S&P 500,0.0016935780800000002
1397,2020-07-22,S&P 500,0.00577080298
1398,2020-07-23,S&P 500,-0.01224330313
1399,2020-07-24,S&P 500,-0.006170507789999999
1400,2020-07-27,S&P 500,0.007399427509999999
1401,2020-07-28,S&P 500,-0.00646190396
1402,2020-07-29,S&P 500,0.01243085367
1403,2020-07-30,S&P 500,-0.00359115339
1404,2020-07-31,S&P 500,0.007778614579999998
1405,2020-08-03,S&P 500,0.007212268009999998
1406,2020-08-04,S&P 500,0.0036110266100000004
1407,2020-08-05,S&P 500,0.006430809290000001
1408,2020-08-06,S&P 500,0.0065395759
1409,2020-08-07,S&P 500,0.0008418366599999999
1410,2020-08-10,S&P 500,0.00275551788
1411,2020-08-11,S&P 500,-0.00796452272
1412,2020-08-12,S&P 500,0.01414584439
1413,2020-08-13,S&P 500,-0.0017991154199999996
1414,2020-08-14,S&P 500,-9.800142e-05
1415,2020-08-17,S&P 500,0.00273551261
1416,2020-08-18,S&P 500,0.00245965308
1417,2020-08-19,S&P 500,-0.00423781349
1418,2020-08-20,S&P 500,0.00319156294
1419,2020-08-21,S&P 500,0.003501608570000001
1420,2020-08-24,S&P 500,0.01016200415
1421,2020-08-25,S&P 500,0.0036070031200000005
1422,2020-08-26,S&P 500,0.01020305723
1423,2020-08-27,S&P 500,0.0017370816000000001
1424,2020-08-28,S&P 500,0.006833552590000001
1425,2020-08-31,S&P 500,-0.00207946709
1426,2020-09-01,S&P 500,0.00754489025
1427,2020-09-02,S&P 500,0.01547124895
1428,2020-09-03,S&P 500,-0.03493972933
1429,2020-09-04,S&P 500,-0.00813327681
1430,2020-09-08,S&P 500,-0.027713417710000004
1431,2020-09-09,S&P 500,0.02019966165
1432,2020-09-10,S&P 500,-0.017536608369999998
1433,2020-09-11,S&P 500,0.00058072359
1434,2020-09-14,S&P 500,0.01305906888
1435,2020-09-15,S&P 500,0.00523447015
1436,2020-09-16,S&P 500,-0.00458172138
1437,2020-09-17,S&P 500,-0.008397088550000001
1438,2020-09-18,S&P 500,-0.01116838851
1439,2020-09-21,S&P 500,-0.01152000895
1440,2020-09-22,S&P 500,0.0105224648
1441,2020-09-23,S&P 500,-0.0236491907
1442,2020-09-24,S&P 500,0.0030374263800000004
1443,2020-09-25,S&P 500,0.016010004890000002
1444,2020-09-28,S&P 500,0.016111383400000002
1445,2020-09-29,S&P 500,-0.00468644687
1446,2020-09-30,S&P 500,0.00828850404
1447,2020-10-01,S&P 500,0.00539985128
1448,2020-10-02,S&P 500,-0.00956677032
1449,2020-10-05,S&P 500,0.0180821725
1450,2020-10-06,S&P 500,-0.013947325859999998
1451,2020-10-07,S&P 500,0.01742414799
1452,2020-10-08,S&P 500,0.008311891709999998
1453,2020-10-09,S&P 500,0.008811982920000001
1454,2020-10-12,S&P 500,0.01641630546
1455,2020-10-13,S&P 500,-0.0063057951700000005
1456,2020-10-14,S&P 500,-0.0065256483
1457,2020-10-15,S&P 500,-0.00149921682
1458,2020-10-16,S&P 500,0.00015213358
1459,2020-10-19,S&P 500,-0.01632804128
1460,2020-10-20,S&P 500,0.00474442973
1461,2020-10-21,S&P 500,-0.00217281944
1462,2020-10-22,S&P 500,0.00530375186
1463,2020-10-23,S&P 500,0.00346440213
1464,2020-10-26,S&P 500,-0.01858172913
1465,2020-10-27,S&P 500,-0.0030089199400000002
1466,2020-10-28,S&P 500,-0.03528871385
1467,2020-10-29,S&P 500,0.012032162009999998
1468,2020-10-30,S&P 500,-0.01202289767
1469,2020-11-02,S&P 500,0.01233200007
1470,2020-11-03,S&P 500,0.01780739974
1471,2020-11-04,S&P 500,0.02204886931
1472,2020-11-05,S&P 500,0.01965034514
1473,2020-11-06,S&P 500,-0.00015969323
1474,2020-11-09,S&P 500,0.01179081579
1475,2020-11-10,S&P 500,-0.00123281806
1476,2020-11-11,S&P 500,0.007651108090000002
1477,2020-11-12,S&P 500,-0.00977380507
